book_id,country_of_first_publication,simultaneous_us_publication,is_anonymous_pseudonymous_or_corporate,had_copyright_notice_at_publication,renewal_filed,creation_year,source,notes
all-quiet-on-the-western-front__remarque-erich-maria__1929,,,,,true,,stanford-copyright-renewal-db,"renewal FOUND in Stanford CRD (id RE050763, renewed 1980, class PWH)"
dodsworth__lewis-sinclair__1929,,,,,true,,stanford-copyright-renewal-db,"renewal FOUND in Stanford CRD (id R167120, renewed 1956, class C)"
dark-hester__sedgwick-anne-douglas__1929,,,,,true,,stanford-copyright-renewal-db,"renewal FOUND in Stanford CRD (id R183511, renewed 1957, class Wr)"
the-bishop-murder-case__dine-s-s-van__1929,,,,,,,stanford-copyright-renewal-db,"UNCERTAIN: possible renewal for this author needs manual check (closest CRD id R280605, 'The dragon murder case, (A Philo Vance s', renewed 1961)"
roper-s-row__deeping-warwick__1929,,,,,true,,stanford-copyright-renewal-db,"renewal FOUND in Stanford CRD (id R185544, renewed 1957, class W)"
peder-victorious__rolvaag-o-e__1929,,,,,true,,stanford-copyright-renewal-db,"renewal FOUND in Stanford CRD (id R172587, renewed 1956, class W)"
cimarron__ferber-edna__1930,,,,,true,,stanford-copyright-renewal-db,"renewal FOUND in Stanford CRD (id R188561, renewed 1957, class A)"
exile__deeping-warwick__1930,,,,,true,,stanford-copyright-renewal-db,"renewal FOUND in Stanford CRD (id R202967, renewed 1957, class W)"
the-woman-of-andros__wilder-thornton__1930,,,,,true,,stanford-copyright-renewal-db,"renewal FOUND in Stanford CRD (id R203128, renewed 1957, class A)"
years-of-grace__barnes-margaret-ayer__1930,,,,,true,,stanford-copyright-renewal-db,"renewal FOUND in Stanford CRD (id R213033, renewed 1958, class A)"
angel-pavement__priestley-j-b__1930,,,,,true,,stanford-copyright-renewal-db,"renewal FOUND in Stanford CRD (id R206386, renewed 1958, class A)"
the-door__rinehart-mary-roberts__1930,,,,,true,,stanford-copyright-renewal-db,"renewal FOUND in Stanford CRD (id R214562, renewed 1958, class A)"
the-good-earth__buck-pearl-s__1931,,,,,true,,stanford-copyright-renewal-db,"renewal FOUND in Stanford CRD (id R210027, renewed 1958, class A)"
shadows-on-the-rock__cather-willa__1931,,,,,true,,stanford-copyright-renewal-db,"renewal FOUND in Stanford CRD (id R225125, renewed 1958, class E)"
a-white-bird-flying__aldrich-bess-streeter__1931,,,,,true,,stanford-copyright-renewal-db,"renewal FOUND in Stanford CRD (id R225329, renewed 1958, class C)"
grand-hotel__baum-vicki__1931,,,,,true,,stanford-copyright-renewal-db,"renewal FOUND in Stanford CRD (id R222221, renewed 1958, class PWH)"
the-road-back__remarque-erich-maria__1931,,,,,true,,stanford-copyright-renewal-db,"renewal FOUND in Stanford CRD (id R217766, renewed 1958, class PWH)"
the-fountain__morgan-charles-langbridge__1932,,,,,true,,stanford-copyright-renewal-db,"renewal FOUND in Stanford CRD (id R249899, renewed 1960, class W)"
sons__buck-pearl-s__1932,,,,,true,,stanford-copyright-renewal-db,"renewal FOUND in Stanford CRD (id R242722, renewed 1959, class A)"
magnolia-street__golding-louis__1932,,,,,false,,stanford-copyright-renewal-db,no renewal found in Stanford CRD (author renews other works there)
the-sheltered-life__glasgow-ellen__1932,,,,,true,,stanford-copyright-renewal-db,"renewal FOUND in Stanford CRD (id R241699, renewed 1959, class E)"
old-wine-and-new__deeping-warwick__1932,,,,,true,,stanford-copyright-renewal-db,"renewal FOUND in Stanford CRD (id R253295, renewed 1960, class W)"
anthony-adverse__allen-hervey__1933,,,,,true,,stanford-copyright-renewal-db,"renewal FOUND in Stanford CRD (id R263353, renewed 1960, class W)"
as-the-earth-turns__carroll-gladys-hasty__1933,,,,,true,,stanford-copyright-renewal-db,"renewal FOUND in Stanford CRD (id R260263, renewed 1960, class A)"
ann-vickers__lewis-sinclair__1933,,,,,true,,stanford-copyright-renewal-db,"renewal FOUND in Stanford CRD (id R251368, renewed 1960, class C)"
magnificent-obsession__douglas-lloyd-c__1933,,,,,true,,stanford-copyright-renewal-db,"renewal FOUND in Stanford CRD (id R183524, renewed 1957, class C)"
one-more-river__galsworthy-john__1933,,,,,true,,stanford-copyright-renewal-db,"renewal FOUND in Stanford CRD (id R270183, renewed 1961, class PPW)"
forgive-us-our-trespassers__douglas-lloyd-c__1933,,,,,,,stanford-copyright-renewal-db,"UNCERTAIN: possible renewal for this author needs manual check (closest CRD id R252389, 'Forgive us our trespasses', renewed 1960)"
lamb-in-his-bosom__miller-caroline__1934,,,,,true,,stanford-copyright-renewal-db,"renewal FOUND in Stanford CRD (id R263578, renewed 1960, class A)"
so-red-the-rose__young-stark__1934,,,,,true,,stanford-copyright-renewal-db,"renewal FOUND in Stanford CRD (id R292201, renewed 1962, class A)"
good-bye-mr-chips__hilton-james__1934,,,,,false,,stanford-copyright-renewal-db,no renewal found in Stanford CRD (author renews other works there)
within-this-present__barnes-margaret-ayer__1934,,,,,true,,stanford-copyright-renewal-db,"renewal FOUND in Stanford CRD (id R265462, renewed 1960, class A)"
work-of-art__lewis-sinclair__1934,,,,,true,,stanford-copyright-renewal-db,"renewal FOUND in Stanford CRD (id R270489, renewed 1961, class C)"
green-light__douglas-lloyd-c__1935,,,,,true,,stanford-copyright-renewal-db,"renewal FOUND in Stanford CRD (id R295479, renewed 1962, class C)"
vein-of-iron__glasgow-ellen__1935,,,,,true,,stanford-copyright-renewal-db,"renewal FOUND in Stanford CRD (id R306538, renewed 1962, class E)"
of-time-and-the-river__wolfe-thomas__1935,,,,,true,,stanford-copyright-renewal-db,"renewal FOUND in Stanford CRD (id R300851, renewed 1962, class Adm. c.t.a. of the Estate of Thomas Wolfe)"
time-out-of-mind__field-rachel__1935,,,,,true,,stanford-copyright-renewal-db,"renewal FOUND in Stanford CRD (id R300506, renewed 1962, class Wr)"
the-forty-days-of-musa-dagh__werfel-franz__1935,,,,,true,,stanford-copyright-renewal-db,"renewal FOUND in Stanford CRD (id R291302, renewed 1962, class PWH)"
gone-with-the-wind__mitchell-margaret__1936,,,,,true,,stanford-copyright-renewal-db,"renewal FOUND in Stanford CRD (id R318690, renewed 1963, class NK)"
the-last-puritan__santayana-george__1936,,,,,true,,stanford-copyright-renewal-db,"renewal FOUND in Stanford CRD (id R315561, renewed 1963, class E)"
sparkenbroke__morgan-charles-langbridge__1936,,,,,true,,stanford-copyright-renewal-db,"renewal FOUND in Stanford CRD (id R323942, renewed 1963, class W)"
drums-along-the-mohawk__edmonds-walter-d__1936,,,,,true,,stanford-copyright-renewal-db,"renewal FOUND in Stanford CRD (id R330531, renewed 1964, class A)"
it-can-t-happen-here__lewis-sinclair__1936,,,,,true,,stanford-copyright-renewal-db,"renewal FOUND in Stanford CRD (id R303502, renewed 1962, class C)"
white-banners__douglas-lloyd-c__1936,,,,,true,,stanford-copyright-renewal-db,"renewal FOUND in Stanford CRD (id R334689, renewed 1964, class C)"
northwest-passage__roberts-kenneth__1937,,,,,true,,stanford-copyright-renewal-db,"renewal FOUND in Stanford CRD (id R340334, renewed 1964, class E)"
the-citadel__cronin-a-j__1937,,,,,true,,stanford-copyright-renewal-db,"renewal FOUND in Stanford CRD (id R344873, renewed 1964, class A)"
and-sovictoria__wilkins-vaughan__1937,,,,,false,,stanford-copyright-renewal-db,no renewal found in Stanford CRD (author renews other works there)
the-years__woolf-virginia__1937,,,,,true,,stanford-copyright-renewal-db,"renewal FOUND in Stanford CRD (id R352700, renewed 1965, class Wr)"
the-yearling__rawlings-marjorie-kinnan__1938,,,,,true,,stanford-copyright-renewal-db,"renewal FOUND in Stanford CRD (id R375713, renewed 1965, class PWH of E. Shenton)"
my-son-my-son__spring-howard__1938,,,,,false,,stanford-copyright-renewal-db,no renewal found in Stanford CRD (author renews other works there)
rebecca__maurier-daphne-du__1938,,,,,true,,stanford-copyright-renewal-db,"renewal FOUND in Stanford CRD (id R368948, renewed 1965, class A)"
all-this-and-heaven-too__field-rachel__1938,,,,,true,,stanford-copyright-renewal-db,"renewal FOUND in Stanford CRD (id R391407, renewed 1966, class Wr)"
the-grapes-of-wrath__steinbeck-john__1939,,,,,true,,stanford-copyright-renewal-db,"renewal FOUND in Stanford CRD (id R449667, renewed 1968, class PWH)"
wickford-point__marquand-john-p__1939,,,,,,,stanford-copyright-renewal-db,"UNCERTAIN: possible renewal for this author needs manual check (closest CRD id R639912, 'Point of no return NM: new &  additional', renewed 1976)"
escape__vance-ethel__1939,,,,,true,,stanford-copyright-renewal-db,"renewal FOUND in Stanford CRD (id R395181, renewed 1966, class A)"
disputed-passage__douglas-lloyd-c__1939,,,,,true,,stanford-copyright-renewal-db,"renewal FOUND in Stanford CRD (id R393428, renewed 1966, class C)"
how-green-was-my-valley__llewellyn-richard__1940,,,,,true,,stanford-copyright-renewal-db,"renewal FOUND in Stanford CRD (id R403837, renewed 1967, class A)"
kitty-foyle__morley-christopher__1940,,,,,true,,stanford-copyright-renewal-db,"renewal FOUND in Stanford CRD (id R412935, renewed 1967, class C)"
mrs-miniver__struther-jan__1940,,,,,true,,stanford-copyright-renewal-db,"renewal FOUND in Stanford CRD (id R413386, renewed 1967, class C)"
for-whom-the-bell-tolls__hemingway-ernest__1940,,,,,true,,stanford-copyright-renewal-db,"renewal FOUND in Stanford CRD (id R420407, renewed 1968, class W)"
the-nazarene__asch-sholem__1940,,,,,true,,stanford-copyright-renewal-db,"renewal FOUND in Stanford CRD (id R397029, renewed 1966, class PWH)"
stars-on-the-sea__mason-f-van-wyck__1940,,,,,true,,stanford-copyright-renewal-db,"renewal FOUND in Stanford CRD (id R431229, renewed 1968, class A)"
the-keys-of-the-kingdom__cronin-a-j__1941,,,,,true,,stanford-copyright-renewal-db,"renewal FOUND in Stanford CRD (id R448711, renewed 1968, class A)"
random-harvest__hilton-james__1941,,,,,true,,stanford-copyright-renewal-db,"renewal FOUND in Stanford CRD (id R428135, renewed 1968, class NK)"
this-above-all__knight-eric__1941,,,,,true,,stanford-copyright-renewal-db,"renewal FOUND in Stanford CRD (id R455679, renewed 1969, class W)"
the-sun-is-my-undoing__steen-marguerite__1941,,,,,true,,stanford-copyright-renewal-db,"renewal FOUND in Stanford CRD (id R442054, renewed 1968, class A)"
oliver-wiswell__roberts-kenneth__1941,,,,,true,,stanford-copyright-renewal-db,"renewal FOUND in Stanford CRD (id R423287, renewed 1967, class E)"
the-song-of-bernadette__werfel-franz__1942,,,,,true,,stanford-copyright-renewal-db,"renewal FOUND in Stanford CRD (id R468255, renewed 1969, class PWH)"
the-moon-is-down__steinbeck-john__1942,,,,,true,,stanford-copyright-renewal-db,"renewal FOUND in Stanford CRD (id R468668, renewed 1969, class C)"
dragon-seed__buck-pearl-s__1942,,,,,true,,stanford-copyright-renewal-db,"renewal FOUND in Stanford CRD (id R446783, renewed 1968, class A)"
and-now-tomorrow__field-rachel__1942,,,,,true,,stanford-copyright-renewal-db,"renewal FOUND in Stanford CRD (id R479975, renewed 1970, class Wr)"
drivin-woman__pickett-elizabeth__1942,,,,,true,,stanford-copyright-renewal-db,"renewal FOUND in Stanford CRD (id R464176, renewed 1969, class A)"
windswept__chase-mary-ellen__1942,,,,,true,,stanford-copyright-renewal-db,"renewal FOUND in Stanford CRD (id R448898, renewed 1968, class A)"
the-robe__douglas-lloyd-c__1943,,,,,true,,stanford-copyright-renewal-db,"renewal FOUND in Stanford CRD (id R470769, renewed 1969, class C)"
the-valley-of-decision__davenport-marcia__1943,,,,,true,,stanford-copyright-renewal-db,"renewal FOUND in Stanford CRD (id R471256, renewed 1969, class A)"
so-little-time__marquand-john-p__1943,,,,,true,,stanford-copyright-renewal-db,"renewal FOUND in Stanford CRD (id R490458, renewed 1970, class C)"
a-tree-grows-in-brooklyn__smith-betty__1943,,,,,true,,stanford-copyright-renewal-db,"renewal FOUND in Stanford CRD (id R490178, renewed 1970, class A)"
the-human-comedy__saroyan-william__1943,,,,,true,,stanford-copyright-renewal-db,"renewal FOUND in Stanford CRD (id R479659, renewed 1970, class A)"
mrs-parkington__bromfield-louis__1943,,,,,true,,stanford-copyright-renewal-db,"renewal FOUND in Stanford CRD (id R494775, renewed 1970, class C)"
strange-fruit__smith-lillian__1944,,,,,true,,stanford-copyright-renewal-db,"renewal FOUND in Stanford CRD (id R512960, renewed 1971, class E)"
forever-amber__winsor-kathleen__1944,,,,,true,,stanford-copyright-renewal-db,"renewal FOUND in Stanford CRD (id R516062, renewed 1971, class A)"
the-razor-s-edge__maugham-w-somerset__1944,,,,,true,,stanford-copyright-renewal-db,"renewal FOUND in Stanford CRD (id R505421, renewed 1971, class C)"
the-green-years__cronin-a-j__1944,,,,,false,,stanford-copyright-renewal-db,no renewal found in Stanford CRD (author renews other works there)
the-black-rose__costain-thomas-b__1945,,,,,true,,stanford-copyright-renewal-db,"renewal FOUND in Stanford CRD (id R535862, renewed 1972, class W)"
the-white-tower__ullman-james-ramsey__1945,,,,,true,,stanford-copyright-renewal-db,"renewal FOUND in Stanford CRD (id R553407, renewed 1973, class W)"
cass-timberlane__lewis-sinclair__1945,,,,,true,,stanford-copyright-renewal-db,"renewal FOUND in Stanford CRD (id R550603, renewed 1973, class C)"
a-lion-is-in-the-streets__langley-adria-locke__1945,,,,,true,,stanford-copyright-renewal-db,"renewal FOUND in Stanford CRD (id R536861, renewed 1972, class A)"
the-king-s-general__maurier-daphne-du__1946,,,,,true,,stanford-copyright-renewal-db,"renewal FOUND in Stanford CRD (id RE117675, renewed 1982, class A)"
this-side-of-innocence__caldwell-taylor__1946,,,,,,,stanford-copyright-renewal-db,"UNCERTAIN: possible renewal for this author needs manual check (closest CRD id R438423, 'Say, is this the U.S.A?', renewed 1968)"
the-river-road__keyes-frances-parkinson__1946,,,,,true,,stanford-copyright-renewal-db,"renewal FOUND in Stanford CRD (id R541616, renewed 1972, class E)"
the-miracle-of-the-bells__janney-russell__1946,,,,,false,,stanford-copyright-renewal-db,no renewal found in Stanford CRD (author renews other works there)
the-hucksters__sr-frederic-wakeman__1946,,,,,,,stanford-copyright-renewal-db,UNCERTAIN: author not found in Stanford CRD (cannot confirm a match either way)
the-foxes-of-harrow__yerby-frank__1946,,,,,true,,stanford-copyright-renewal-db,"renewal FOUND in Stanford CRD (id R548502, renewed 1973, class A)"
the-moneyman__costain-thomas-b__1947,,,,,true,,stanford-copyright-renewal-db,"renewal FOUND in Stanford CRD (id R582026, renewed 1974, class W)"
gentleman-s-agreement__hobson-laura-z__1947,,,,,true,,stanford-copyright-renewal-db,"renewal FOUND in Stanford CRD (id R575299, renewed 1974, class A)"
lydia-bailey__roberts-kenneth__1947,,,,,true,,stanford-copyright-renewal-db,"renewal FOUND in Stanford CRD (id R567798, renewed 1974, class E)"
the-vixens__yerby-frank__1947,,,,,true,,stanford-copyright-renewal-db,"renewal FOUND in Stanford CRD (id R576804, renewed 1974, class A)"
the-wayward-bus__steinbeck-john__1947,,,,,true,,stanford-copyright-renewal-db,"renewal FOUND in Stanford CRD (id R574018, renewed 1974, class C)"
the-big-fisherman__douglas-lloyd-c__1948,,,,,true,,stanford-copyright-renewal-db,"renewal FOUND in Stanford CRD (id R624462, renewed 1976, class C)"
the-naked-and-the-dead__mailer-norman__1948,,,,,true,,stanford-copyright-renewal-db,"renewal FOUND in Stanford CRD (id R620720, renewed 1975, class A)"
dinner-at-antoine-s__keyes-frances-parkinson__1948,,,,,true,,stanford-copyright-renewal-db,"renewal FOUND in Stanford CRD (id R618791, renewed 1975, class C)"
the-bishop-s-mantle__turnbull-agnes-sligh__1948,,,,,true,,stanford-copyright-renewal-db,"renewal FOUND in Stanford CRD (id R592369, renewed 1974, class A)"
tomorrow-will-be-better__smith-betty__1948,,,,,true,,stanford-copyright-renewal-db,"renewal FOUND in Stanford CRD (id R625217, renewed 1976, class C)"
the-golden-hawk__yerby-frank__1948,,,,,true,,stanford-copyright-renewal-db,"renewal FOUND in Stanford CRD (id R608800, renewed 1975, class A)"
the-egyptian__waltari-mika__1949,,,,,true,,stanford-copyright-renewal-db,"renewal FOUND in Stanford CRD (id R645819, renewed 1976, class PWH)"
mary__asch-sholem__1949,,,,,true,,stanford-copyright-renewal-db,"renewal FOUND in Stanford CRD (id R643498, renewed 1976, class C)"
a-rage-to-live__o-hara-john__1949,,,,,true,,stanford-copyright-renewal-db,"renewal FOUND in Stanford CRD (id R640771, renewed 1976, class C)"
point-of-no-return__marquand-john-p__1949,,,,,true,,stanford-copyright-renewal-db,"renewal FOUND in Stanford CRD (id R639912, renewed 1976, class C)"
the-cardinal__robinson-henry-morton__1950,,,,,true,,stanford-copyright-renewal-db,"renewal FOUND in Stanford CRD (id RE004115, renewed 1978, class C)"
joy-street__keyes-frances-parkinson__1950,,,,,false,,stanford-copyright-renewal-db,no renewal found in Stanford CRD (author renews other works there)
across-the-river-and-into-the-trees__hemingway-ernest__1950,,,,,true,,stanford-copyright-renewal-db,"renewal FOUND in Stanford CRD (id R672170, renewed 1977, class W)"
the-wall__hersey-john__1950,,,,,true,,stanford-copyright-renewal-db,"renewal FOUND in Stanford CRD (id R655028, renewed 1977, class A)"
star-money__winsor-kathleen__1950,,,,,true,,stanford-copyright-renewal-db,"renewal FOUND in Stanford CRD (id RE002340, renewed 1978, class A)"
the-parasites__maurier-daphne-du__1950,,,,,true,,stanford-copyright-renewal-db,"renewal FOUND in Stanford CRD (id R664777, renewed 1977, class A)"
from-here-to-eternity__jones-james__1951,,,,,true,,stanford-copyright-renewal-db,"renewal FOUND in Stanford CRD (id RE019781, renewed 1979, class C)"
the-caine-mutiny__wouk-herman__1951,,,,,true,,stanford-copyright-renewal-db,"renewal FOUND in Stanford CRD (id RE018386, renewed 1979, class A)"
moses__asch-sholem__1951,,,,,true,,stanford-copyright-renewal-db,"renewal FOUND in Stanford CRD (id RE021042, renewed 1979, class PWH)"
a-woman-called-fancy__yerby-frank__1951,,,,,true,,stanford-copyright-renewal-db,"renewal FOUND in Stanford CRD (id RE023948, renewed 1979, class A)"
the-cruel-sea__monsarrat-nicholas__1951,,,,,true,,stanford-copyright-renewal-db,"renewal FOUND in Stanford CRD (id RE028657, renewed 1979, class A)"
the-silver-chalice__costain-thomas-b__1952,,,,,true,,stanford-copyright-renewal-db,"renewal FOUND in Stanford CRD (id RE050323, renewed 1980, class C)"
east-of-eden__steinbeck-john__1952,,,,,true,,stanford-copyright-renewal-db,"renewal FOUND in Stanford CRD (id RE051198, renewed 1980, class C)"
my-cousin-rachel__maurier-daphne-du__1952,,,,,true,,stanford-copyright-renewal-db,"renewal FOUND in Stanford CRD (id RE021912, renewed 1979, class A)"
steamboat-gothic__keyes-frances-parkinson__1952,,,,,true,,stanford-copyright-renewal-db,"renewal FOUND in Stanford CRD (id RE083851, renewed 1980, class C)"
giant__ferber-edna__1952,,,,,true,,stanford-copyright-renewal-db,"renewal FOUND in Stanford CRD (id RE052149, renewed 1980, class E)"
desiree__selinko-annemarie__1953,,,,,true,,stanford-copyright-renewal-db,"renewal FOUND in Stanford CRD (id RE025772, renewed 1979, class A)"
battle-cry__uris-leon-m__1953,,,,,true,,stanford-copyright-renewal-db,"renewal FOUND in Stanford CRD (id RE092554, renewed 1981, class A)"
the-high-and-the-mighty__gann-ernest-k__1953,,,,,true,,stanford-copyright-renewal-db,"renewal FOUND in Stanford CRD (id RE105658, renewed 1981, class A)"
not-as-a-stranger__thompson-morton__1954,,,,,true,,stanford-copyright-renewal-db,"renewal FOUND in Stanford CRD (id RE124537, renewed 1982, class Adm. d.b.n.c.t.a.)"
mary-anne__maurier-daphne-du__1954,,,,,true,,stanford-copyright-renewal-db,"renewal FOUND in Stanford CRD (id RE117643, renewed 1982, class A)"
love-is-eternal__stone-irving__1954,,,,,true,,stanford-copyright-renewal-db,"renewal FOUND in Stanford CRD (id RE117669, renewed 1982, class A)"
the-royal-box__keyes-frances-parkinson__1954,,,,,true,,stanford-copyright-renewal-db,"renewal FOUND in Stanford CRD (id RE144181, renewed 1982, class C)"
no-time-for-sergeants__hyman-mac__1954,,,,,true,,stanford-copyright-renewal-db,"renewal FOUND in Stanford CRD (id RE132415, renewed 1982, class C)"
marjorie-morningstar__wouk-herman__1955,,,,,true,,stanford-copyright-renewal-db,"renewal FOUND in Stanford CRD (id RE155750, renewed 1983, class A)"
auntie-mame__dennis-patrick__1955,,,,,true,,stanford-copyright-renewal-db,"renewal FOUND in Stanford CRD (id RE179561, renewed 1983, class C)"
andersonville__kantor-mackinlay__1955,,,,,true,,stanford-copyright-renewal-db,"renewal FOUND in Stanford CRD (id RE163160, renewed 1983, class C)"
bonjour-tristesse__sagan-francoise__1955,,,,,true,,stanford-copyright-renewal-db,"renewal FOUND in Stanford CRD (id RE122694, renewed 1982, class A)"
the-man-in-the-gray-flannel-suit__wilson-sloan__1955,,,,,true,,stanford-copyright-renewal-db,"renewal FOUND in Stanford CRD (id RE161860, renewed 1983, class A)"
something-of-value__ruark-robert__1955,,,,,true,,stanford-copyright-renewal-db,"renewal FOUND in Stanford CRD (id RE161532, renewed 1983, class E)"
don-t-go-near-the-water__brinkley-william__1956,,,,,true,,stanford-copyright-renewal-db,"renewal FOUND in Stanford CRD (id RE203605, renewed 1984, class A)"
the-last-hurrah__o-connor-edwin__1956,,,,,true,,stanford-copyright-renewal-db,"renewal FOUND in Stanford CRD (id RE218209, renewed 1984, class NK)"
peyton-place__metalious-grace__1956,,,,,true,,stanford-copyright-renewal-db,"renewal FOUND in Stanford CRD (id RE220049, renewed 1984, class C)"
eloise__thompson-kay__1956,,,,,true,,stanford-copyright-renewal-db,"renewal FOUND in Stanford CRD (id RE174167, renewed 1983, class A)"
by-love-possessed__cozzens-james-gould__1957,,,,,true,,stanford-copyright-renewal-db,"renewal FOUND in Stanford CRD (id RE266598, renewed 1985, class E)"
compulsion__levin-meyer__1957,,,,,true,,stanford-copyright-renewal-db,"renewal FOUND in Stanford CRD (id RE217261, renewed 1984, class W)"
rally-round-the-flag-boys__shulman-max__1957,,,,,true,,stanford-copyright-renewal-db,"renewal FOUND in Stanford CRD (id RE272971, renewed 1985, class A)"
blue-camellia__keyes-frances-parkinson__1957,,,,,true,,stanford-copyright-renewal-db,"renewal FOUND in Stanford CRD (id RE273213, renewed 1985, class NK)"
eloise-in-paris__thompson-kay__1957,,,,,,,stanford-copyright-renewal-db,"UNCERTAIN: possible renewal for this author needs manual check (closest CRD id RE327059, 'Eloise in Moscow.', renewed 1987)"
doctor-zhivago__pasternak-boris__1958,,,,,true,,stanford-copyright-renewal-db,"renewal FOUND in Stanford CRD (id RE288971, renewed 1986, class PWH of Max Hayward\, Manya Harari & Bernard Guilbert Guerney)"
anatomy-of-a-murder__traver-robert__1958,,,,,true,,stanford-copyright-renewal-db,"renewal FOUND in Stanford CRD (id RE299147, renewed 1986, class A)"
lolita__nabokov-vladimir__1958,,,,,true,,stanford-copyright-renewal-db,"renewal FOUND in Stanford CRD (id RE163993, renewed 1983, class C)"
around-the-world-with-auntie-mame__dennis-patrick__1958,,,,,,,stanford-copyright-renewal-db,"UNCERTAIN: possible renewal for this author needs manual check (closest CRD id RE179561, 'Auntie Mame.', renewed 1983)"
from-the-terrace__o-hara-john__1958,,,,,true,,stanford-copyright-renewal-db,"renewal FOUND in Stanford CRD (id RE299627, renewed 1986, class C)"
eloise-at-christmastime__thompson-kay__1958,,,,,true,,stanford-copyright-renewal-db,"renewal FOUND in Stanford CRD (id RE301749, renewed 1986, class A)"
exodus__uris-leon__1959,,,,,true,,stanford-copyright-renewal-db,"renewal FOUND in Stanford CRD (id RE277644, renewed 1986, class A)"
hawaii__michener-james-a__1959,,,,,true,,stanford-copyright-renewal-db,"renewal FOUND in Stanford CRD (id RE329300, renewed 1987, class A)"
advise-and-consent__drury-allen__1959,,,,,true,,stanford-copyright-renewal-db,"renewal FOUND in Stanford CRD (id RE322921, renewed 1987, class A)"
lady-chatterley-s-lover__lawrence-d-h__1959,,,,,true,,stanford-copyright-renewal-db,"renewal FOUND in Stanford CRD (id RE499510, renewed 1990, class PWH)"
the-ugly-american__burdick-eugene-l__1959,,,,,true,,stanford-copyright-renewal-db,"renewal FOUND in Stanford CRD (id RE286348, renewed 1986, class A)"
the-leopard__lampedusa-giuseppe-tomasi-di__1960,,,,,true,,stanford-copyright-renewal-db,"renewal FOUND in Stanford CRD (id RE389475, renewed 1988, class PWH of Archibald Colquhoun)"
the-chapman-report__wallace-irving__1960,,,,,true,,stanford-copyright-renewal-db,"renewal FOUND in Stanford CRD (id RE383436, renewed 1988, class A)"
ourselves-to-know__o-hara-john__1960,,,,,true,,stanford-copyright-renewal-db,"renewal FOUND in Stanford CRD (id RE376430, renewed 1988, class C)"
the-constant-image__davenport-marcia__1960,,,,,true,,stanford-copyright-renewal-db,"renewal FOUND in Stanford CRD (id RE380062, renewed 1988, class A)"
the-agony-and-the-ecstasy__stone-irving__1961,,,,,true,,stanford-copyright-renewal-db,"renewal FOUND in Stanford CRD (id RE420067, renewed 1989, class PWH)"
franny-and-zooey__salinger-j-d__1961,,,,,true,,stanford-copyright-renewal-db,"renewal FOUND in Stanford CRD (id RE438737, renewed 1989, class A)"
to-kill-a-mockingbird__lee-harper__1961,,,,,true,,stanford-copyright-renewal-db,"renewal FOUND in Stanford CRD (id RE387164, renewed 1988, class A)"
mila-18__uris-leon__1961,,,,,true,,stanford-copyright-renewal-db,"renewal FOUND in Stanford CRD (id RE420079, renewed 1989, class A)"
the-carpetbaggers__robbins-harold__1961,,,,,true,,stanford-copyright-renewal-db,"renewal FOUND in Stanford CRD (id RE459473, renewed 1989, class A)"
tropic-of-cancer__miller-henry__1961,,,,,false,,stanford-copyright-renewal-db,no renewal found in Stanford CRD (author renews other works there)
ship-of-fools__porter-katherine-anne__1962,,,,,true,,stanford-copyright-renewal-db,"renewal FOUND in Stanford CRD (id RE512465, renewed 1990, class E)"
dearly-beloved__lindbergh-anne-morrow__1962,,,,,true,,stanford-copyright-renewal-db,"renewal FOUND in Stanford CRD (id RE501595, renewed 1990, class A)"
a-shade-of-difference__drury-allen__1962,,,,,true,,stanford-copyright-renewal-db,"renewal FOUND in Stanford CRD (id RE477018, renewed 1990, class A)"
youngblood-hawke__wouk-herman__1962,,,,,true,,stanford-copyright-renewal-db,"renewal FOUND in Stanford CRD (id RE473517, renewed 1990, class A)"
fail-safe__wheeler-eugene-burdick-and-harvey__1962,,,,,true,,stanford-copyright-renewal-db,"renewal FOUND in Stanford CRD (id RE479767, renewed 1990, class A)"
the-shoes-of-the-fisherman__west-morris__1963,,,,,true,,stanford-copyright-renewal-db,"renewal FOUND in Stanford CRD (id RE528406, renewed 1991, class A)"
the-group__mccarthy-mary__1963,,,,,true,,stanford-copyright-renewal-db,"renewal FOUND in Stanford CRD (id RE144811, renewed 1982, class A)"
raise-high-the-roof-beam-carpenters-and-seymour-an-introduction__salinger-j-d__1963,,,,,false,,stanford-copyright-renewal-db,no renewal found in Stanford CRD (author renews other works there)
caravans__michener-james-a__1963,,,,,true,,stanford-copyright-renewal-db,"renewal FOUND in Stanford CRD (id RE527939, renewed 1991, class PWH of Jean Paul Tremblay)"
elizabeth-appleton__o-hara-john__1963,,,,,true,,stanford-copyright-renewal-db,"renewal FOUND in Stanford CRD (id RE527894, renewed 1991, class C)"
grandmother-and-the-priests__caldwell-taylor__1963,,,,,true,,stanford-copyright-renewal-db,"renewal FOUND in Stanford CRD (id RE535177, renewed 1991, class Wr)"
